2026-02-05 15:47:15,246Y1A6655,certificate_added,,NOC Certificate,system
2026-02-05 16:02:08,246Y1A6755,certificate_added,,NOC Certificate,system
2026-02-06 16:15:44,246Y1A6755,certificate_added,,NOC Certificate,system
2026-02-06 22:42:49,246Y1A6755,certificate_added,,NOC Certificate,system
2026-02-06 22:47:58,246Y1A6755,certificate_added,,NOC Certificate,system
2026-02-06 22:51:36,246Y1A6755,certificate_added,,NOC Certificate,system
2026-02-06 22:54:59,246Y1A6755,certificate_added,,NOC Certificate,system
2026-02-06 22:55:54,246Y1A6755,certificate_added,,NOC Certificate,system
2026-02-06 22:58:09,246Y1A6755,certificate_added,,NOC Certificate,system
2026-02-06 23:00:50,246Y1A6755,certificate_added,,NOC Certificate,system
2026-02-06 23:05:31,246Y1A6755,certificate_added,,NOC Certificate,system
2026-02-06 23:06:40,246Y1A6755,certificate_added,,NOC Certificate,system
2026-02-06 23:07:41,246Y1A6755,certificate_added,,NOC Certificate,system
2026-02-06 23:09:04,246Y1A6755,certificate_added,,NOC Certificate,system
2026-02-06 23:10:08,246Y1A6755,certificate_added,,NOC Certificate,system
2026-02-07 09:40:57,246Y1A6755,certificate_added,,NOC Certificate,system
